{
  "manifest": {
    "apis": {
      "custom": {
        "endpoint": {
          "uri": "arn:aws:lambda:us-east-1:928691922560:function:93cab14a-6e5a-4e1b-9930-92f51bc0b51e:Release_0"
        },
        "interfaces": []
      }
    },
    "manifestVersion": "1.0",
    "privacyAndCompliance": {
      "locales": {
        "it-IT": {}
      }
    },
    "publishingInformation": {
      "automaticDistribution": {
        "isActive": false
      },
      "category": "HEALTH_AND_FITNESS",
      "distributionCountries": [],
      "isAvailableWorldwide": true,
      "locales": {
        "it-IT": {
          "description": "Skill to generate command for the ASTRA - Augmented Space for TRauma Assistance system.",
          "examplePhrases": [
            "Alexa open hello world",
            "hello",
            "help"
          ],
          "keywords": [],
          "name": "ASTRA Room Controller",
          "summary": "Voice Controller for ASTRA System"
        }
      },
      "testingInstructions": "Sample Testing Instructions."
    }
  }
}